{
  "search_space": {
    "num_epochs": [
      5,
      10
    ],
    "batch_size": [
      16,
      32
    ],
    "learning_rate": [
      2e-05,
      5e-05
    ],
    "max_length": [
      32
    ]
  },
  "all_results": [
    {
      "num_epochs": 5,
      "batch_size": 16,
      "learning_rate": 2e-05,
      "max_length": 32,
      "intent_accuracy": 0.9412269412269412,
      "intent_macro_f1": 0.9221970406394179,
      "intent_weighted_f1": 0.9411373085772593,
      "slot_accuracy": 0.9912188974688975,
      "slot_weighted_f1": 0.9907521229985868,
      "slot_macro_f1": 0.6952136857732149,
      "merged_macro_f1": 0.8028586657387919,
      "merged_weighted_f1": 0.8437939792769406,
      "final_training_loss": 0.13992381210425006,
      "epochs_trained": 5,
      "training_time_seconds": 60.42888951301575,
      "f1_cuisine": 0.9109947643979057,
      "f1_dietaryRestriction": 0.8551401869158879,
      "f1_duration": 0.8174386920980926,
      "f1_easyKeyWord": 0.6275510204081632,
      "f1_filterType": 0.6995073891625616,
      "f1_ingredient": 0.9132706374085684,
      "f1_mealType": 0.6548672566371682,
      "f1_recipe": 0.9440993788819876
    },
    {
      "num_epochs": 5,
      "batch_size": 16,
      "learning_rate": 5e-05,
      "max_length": 32,
      "intent_accuracy": 0.9330759330759331,
      "intent_macro_f1": 0.911851845721411,
      "intent_weighted_f1": 0.9325305988711381,
      "slot_accuracy": 0.9937929000429,
      "slot_weighted_f1": 0.9937330138821695,
      "slot_macro_f1": 0.8388301099901434,
      "merged_macro_f1": 0.875791015853149,
      "merged_weighted_f1": 0.8962485348847554,
      "final_training_loss": 0.1251655399298935,
      "epochs_trained": 5,
      "training_time_seconds": 60.57314133644104,
      "f1_cuisine": 0.9567430025445293,
      "f1_dietaryRestriction": 0.91415313225058,
      "f1_duration": 0.878345498783455,
      "f1_easyKeyWord": 0.7955801104972375,
      "f1_filterType": 0.7543859649122807,
      "f1_ingredient": 0.9087301587301587,
      "f1_mealType": 0.8555858310626703,
      "f1_recipe": 0.9428044280442804
    },
    {
      "num_epochs": 5,
      "batch_size": 32,
      "learning_rate": 2e-05,
      "max_length": 32,
      "intent_accuracy": 0.9356499356499357,
      "intent_macro_f1": 0.9098847750097873,
      "intent_weighted_f1": 0.9343178156342954,
      "slot_accuracy": 0.9885644573144573,
      "slot_weighted_f1": 0.9871679683020326,
      "slot_macro_f1": 0.5899097933444141,
      "merged_macro_f1": 0.668011656692832,
      "merged_weighted_f1": 0.7616460108867424,
      "final_training_loss": 0.20764533935913018,
      "epochs_trained": 5,
      "training_time_seconds": 43.83358407020569,
      "f1_cuisine": 0.9109947643979057,
      "f1_dietaryRestriction": 0.7550607287449392,
      "f1_duration": 0.7899159663865546,
      "f1_easyKeyWord": 0.4871060171919771,
      "f1_filterType": 0.2773722627737226,
      "f1_ingredient": 0.9026369168356998,
      "f1_mealType": 0.2821576763485477,
      "f1_recipe": 0.9388489208633094
    },
    {
      "num_epochs": 5,
      "batch_size": 32,
      "learning_rate": 5e-05,
      "max_length": 32,
      "intent_accuracy": 0.9356499356499357,
      "intent_macro_f1": 0.9130440136126937,
      "intent_weighted_f1": 0.9348564497667204,
      "slot_accuracy": 0.9927338052338053,
      "slot_weighted_f1": 0.992459219343743,
      "slot_macro_f1": 0.7889990515682027,
      "merged_macro_f1": 0.8282234825269765,
      "merged_weighted_f1": 0.868550342010418,
      "final_training_loss": 0.11917931284932863,
      "epochs_trained": 5,
      "training_time_seconds": 43.75110340118408,
      "f1_cuisine": 0.9435897435897436,
      "f1_dietaryRestriction": 0.9105322763306908,
      "f1_duration": 0.8120713305898491,
      "f1_easyKeyWord": 0.6820276497695853,
      "f1_filterType": 0.6666666666666666,
      "f1_ingredient": 0.9309989701338826,
      "f1_mealType": 0.7239263803680982,
      "f1_recipe": 0.9559748427672956
    },
    {
      "num_epochs": 10,
      "batch_size": 16,
      "learning_rate": 2e-05,
      "max_length": 32,
      "intent_accuracy": 0.9279279279279279,
      "intent_macro_f1": 0.901925178071612,
      "intent_weighted_f1": 0.9267640056592653,
      "slot_accuracy": 0.9942755255255256,
      "slot_weighted_f1": 0.9941907985695873,
      "slot_macro_f1": 0.8457591244623356,
      "merged_macro_f1": 0.8818598525653232,
      "merged_weighted_f1": 0.9066079158271,
      "final_training_loss": 0.055356123349837846,
      "epochs_trained": 10,
      "training_time_seconds": 110.65193629264832,
      "f1_cuisine": 0.9612403100775194,
      "f1_dietaryRestriction": 0.9297423887587822,
      "f1_duration": 0.8657105606258149,
      "f1_easyKeyWord": 0.8211586901763224,
      "f1_filterType": 0.7312775330396476,
      "f1_ingredient": 0.9329268292682927,
      "f1_mealType": 0.8494623655913979,
      "f1_recipe": 0.9633601429848079
    },
    {
      "num_epochs": 10,
      "batch_size": 16,
      "learning_rate": 5e-05,
      "max_length": 32,
      "intent_accuracy": 0.9292149292149292,
      "intent_macro_f1": 0.906834465445224,
      "intent_weighted_f1": 0.9292554389230397,
      "slot_accuracy": 0.9933773058773059,
      "slot_weighted_f1": 0.9932775887715388,
      "slot_macro_f1": 0.8612793124572202,
      "merged_macro_f1": 0.8741288044231244,
      "merged_weighted_f1": 0.8859419171540186,
      "final_training_loss": 0.07563984287596906,
      "epochs_trained": 10,
      "training_time_seconds": 110.6503791809082,
      "f1_cuisine": 0.9685863874345549,
      "f1_dietaryRestriction": 0.9073634204275535,
      "f1_duration": 0.8528610354223434,
      "f1_easyKeyWord": 0.765,
      "f1_filterType": 0.8235294117647058,
      "f1_ingredient": 0.9092702169625246,
      "f1_mealType": 0.8555858310626703,
      "f1_recipe": 0.9108341323106424
    },
    {
      "num_epochs": 10,
      "batch_size": 32,
      "learning_rate": 2e-05,
      "max_length": 32,
      "intent_accuracy": 0.9433719433719434,
      "intent_macro_f1": 0.9270917787733689,
      "intent_weighted_f1": 0.9434780306938352,
      "slot_accuracy": 0.9931359931359931,
      "slot_weighted_f1": 0.9929112838243926,
      "slot_macro_f1": 0.7787338353505803,
      "merged_macro_f1": 0.8323341373944249,
      "merged_weighted_f1": 0.873219398549205,
      "final_training_loss": 0.058823215908237865,
      "epochs_trained": 10,
      "training_time_seconds": 77.45890474319458,
      "f1_cuisine": 0.9509043927648578,
      "f1_dietaryRestriction": 0.9181084198385236,
      "f1_duration": 0.8348993288590604,
      "f1_easyKeyWord": 0.674364896073903,
      "f1_filterType": 0.6903553299492385,
      "f1_ingredient": 0.9431230610134437,
      "f1_mealType": 0.6979472140762464,
      "f1_recipe": 0.9489704565801254
    },
    {
      "num_epochs": 10,
      "batch_size": 32,
      "learning_rate": 5e-05,
      "max_length": 32,
      "intent_accuracy": 0.939081939081939,
      "intent_macro_f1": 0.9207718214276391,
      "intent_weighted_f1": 0.9382969756478287,
      "slot_accuracy": 0.994704525954526,
      "slot_weighted_f1": 0.9946424133104838,
      "slot_macro_f1": 0.8652958774205266,
      "merged_macro_f1": 0.8956914826765487,
      "merged_weighted_f1": 0.9149972889200606,
      "final_training_loss": 0.03793640818912536,
      "epochs_trained": 10,
      "training_time_seconds": 77.56739163398743,
      "f1_cuisine": 0.9639175257731959,
      "f1_dietaryRestriction": 0.9351851851851852,
      "f1_duration": 0.8723958333333334,
      "f1_easyKeyWord": 0.806930693069307,
      "f1_filterType": 0.8035714285714286,
      "f1_ingredient": 0.9451219512195121,
      "f1_mealType": 0.8759894459102903,
      "f1_recipe": 0.9624197983501375
    }
  ],
  "best_result": {
    "num_epochs": 10,
    "batch_size": 32,
    "learning_rate": 5e-05,
    "max_length": 32,
    "intent_accuracy": 0.939081939081939,
    "intent_macro_f1": 0.9207718214276391,